model;size;cluster_prob;pattern_id;cost;time_s;loose_ends;skeins_used;cuts;floats
dp;25x25;0.05;1;881.835;0.07529;8;4;0;324
dp;25x25;0.05;2;836.378;0.0644;8;4;0;305
dp;25x25;0.05;3;852.68;0.07543;8;4;0;305
dp;25x25;0.05;4;819.702;0.06331;8;4;0;291
dp;25x25;0.05;5;834.694;0.0716;8;4;0;304
dp;25x25;0.05;6;844.927;0.0749;8;4;0;304
dp;25x25;0.05;7;825.009;0.07125;8;4;0;304
dp;25x25;0.05;8;856.222;0.07293;8;4;0;306
dp;25x25;0.05;9;811.901;0.05839;8;4;0;279
dp;25x25;0.05;10;814.353;0.06332;8;4;0;290
dp;25x25;0.05;11;830.473;0.06825;8;4;0;304
dp;25x25;0.05;12;826.703;0.06426;8;4;0;296
dp;25x25;0.05;13;823.344;0.06376;8;4;0;294
dp;25x25;0.05;14;835.378;0.07022;8;4;0;301
dp;25x25;0.05;15;859.389;0.07404;8;4;0;317
dp;25x25;0.05;16;800.917;0.06284;8;4;0;283
dp;25x25;0.05;17;817.882;0.06176;8;4;0;291
dp;25x25;0.05;18;818.325;0.07209;8;4;0;303
dp;25x25;0.05;19;876.901;0.08035;8;4;0;332
dp;25x25;0.05;20;817.196;0.06504;8;4;0;292
dp;50x50;0.05;1;3414.295;1.22778;8;4;0;1199
dp;50x50;0.05;2;3426.359;1.59644;8;4;0;1216
dp;50x50;0.05;3;3424.37;1.2759;8;4;0;1211
dp;50x50;0.05;4;3440.453;1.21684;8;4;0;1216
dp;50x50;0.05;5;3386.686;1.17359;8;4;0;1207
dp;50x50;0.05;6;3462.954;1.24536;8;4;0;1251
dp;50x50;0.05;7;3426.477;1.19785;8;4;0;1220
dp;50x50;0.05;8;3385.714;1.18442;8;4;0;1181
dp;50x50;0.05;9;3424.334;1.27308;8;4;0;1224
dp;50x50;0.05;10;3416.44;1.20901;8;4;0;1212
dp;50x50;0.05;11;3396.599;1.16293;8;4;0;1192
dp;50x50;0.05;12;3421.966;1.20981;8;4;0;1219
dp;50x50;0.05;13;3427.562;1.1569;8;4;0;1208
dp;50x50;0.05;14;3414.641;1.18639;8;4;0;1185
dp;50x50;0.05;15;3459.482;1.25729;8;4;0;1235
dp;50x50;0.05;16;3500.339;1.35929;8;4;0;1270
dp;50x50;0.05;17;3495.823;1.33716;8;4;0;1258
dp;50x50;0.05;18;3454.98;1.27718;8;4;0;1236
dp;50x50;0.05;19;3470.067;1.27663;8;4;0;1246
dp;50x50;0.05;20;3423.614;1.94528;8;4;0;1209
dp;100x100;0.05;1;14087.475;22.77517;8;4;0;4793
dp;100x100;0.05;2;14233.925;23.56233;8;4;0;4911
dp;100x100;0.05;3;14273.761;24.11196;10;4;1;4923
dp;100x100;0.05;4;14150.968;23.32739;10;4;1;4869
dp;100x100;0.05;5;14183.423;23.33436;8;4;0;4882
dp;100x100;0.05;6;14178.283;23.25027;8;4;0;4834
dp;100x100;0.05;7;14315.038;24.43415;8;4;0;4953
dp;100x100;0.05;8;14157.246;22.90383;8;4;0;4805
dp;100x100;0.05;9;14214.367;23.45812;10;4;1;4852
dp;100x100;0.05;10;14216.441;24.81124;10;4;1;4912
dp;100x100;0.05;11;14218.304;24.5419;8;4;0;4874
dp;100x100;0.05;12;14290.963;24.88904;8;4;0;4944
dp;100x100;0.05;13;14094.686;23.36216;10;4;1;4808
dp;100x100;0.05;14;14282.934;24.4747;8;4;0;4947
dp;100x100;0.05;15;14203.034;23.09266;8;4;0;4875
dp;100x100;0.05;16;14281.682;23.89693;8;4;0;4929
dp;100x100;0.05;17;14171.514;23.51337;8;4;0;4860
dp;100x100;0.05;18;14201.938;23.57468;10;4;1;4880
dp;100x100;0.05;19;14193.688;23.86363;8;4;0;4891
dp;100x100;0.05;20;14214.081;23.33594;8;4;0;4868
dp;25x25;0.25;1;773.849;0.08106;8;4;0;282
dp;25x25;0.25;2;798.713;0.05958;8;4;0;279
dp;25x25;0.25;3;780.62;0.0607;8;4;0;273
dp;25x25;0.25;4;741.769;0.05679;8;4;0;250
dp;25x25;0.25;5;786.902;0.05999;8;4;0;271
dp;25x25;0.25;6;779.056;0.06559;8;4;0;268
dp;25x25;0.25;7;799.752;0.07347;8;4;0;282
dp;25x25;0.25;8;777.364;0.06002;8;4;0;266
dp;25x25;0.25;9;779.209;0.06047;8;4;0;264
dp;25x25;0.25;10;757.456;0.06246;8;4;0;276
dp;25x25;0.25;11;758.009;0.06992;8;4;0;254
dp;25x25;0.25;12;759.966;0.05509;8;4;0;258
dp;25x25;0.25;13;736.442;0.05574;8;4;0;243
dp;25x25;0.25;14;748.511;0.05749;8;4;0;259
dp;25x25;0.25;15;798.285;0.0779;8;4;0;288
dp;25x25;0.25;16;765.868;0.05873;8;4;0;254
dp;25x25;0.25;17;772.127;0.06653;8;4;0;268
dp;25x25;0.25;18;779.84;0.07086;8;4;0;272
dp;25x25;0.25;19;791.996;0.0645;8;4;0;279
dp;25x25;0.25;20;770.393;0.05463;8;4;0;255
dp;50x50;0.25;1;3244.168;0.94372;8;4;0;1097
dp;50x50;0.25;2;3282.891;1.06051;8;4;0;1105
dp;50x50;0.25;3;3281.756;0.99516;8;4;0;1115
dp;50x50;0.25;4;3292.607;1.02203;8;4;0;1106
dp;50x50;0.25;5;3257.028;1.024;8;4;0;1092
dp;50x50;0.25;6;3163.164;0.91994;8;4;0;1041
dp;50x50;0.25;7;3270.159;1.02046;8;4;0;1102
dp;50x50;0.25;8;3220.172;1.02343;8;4;0;1074
dp;50x50;0.25;9;3254.482;0.99957;8;4;0;1098
dp;50x50;0.25;10;3270.46;1.04111;8;4;0;1114
dp;50x50;0.25;11;3245.172;0.96183;8;4;0;1089
dp;50x50;0.25;12;3215.8;0.9981;8;4;0;1072
dp;50x50;0.25;13;3235.221;1.02038;8;4;0;1083
dp;50x50;0.25;14;3298.348;1.06781;8;4;0;1127
dp;50x50;0.25;15;3277.657;1.05223;8;4;0;1116
dp;50x50;0.25;16;3226.137;0.99129;10;4;1;1073
dp;50x50;0.25;17;3217.131;0.97842;8;4;0;1075
dp;50x50;0.25;18;3212.453;0.9429;8;4;0;1059
dp;50x50;0.25;19;3277.001;1.04113;8;4;0;1108
dp;50x50;0.25;20;3229.536;0.98734;8;4;0;1078
dp;100x100;0.25;1;13446.828;17.07817;12;4;2;4278
dp;100x100;0.25;2;13531.204;18.50479;14;4;3;4319
dp;100x100;0.25;3;13528.216;18.65583;8;4;0;4323
dp;100x100;0.25;4;13459.232;18.85596;8;4;0;4332
dp;100x100;0.25;5;13434.034;17.4319;10;4;1;4238
dp;100x100;0.25;6;13530.758;18.67667;10;4;1;4329
dp;100x100;0.25;7;13517.577;18.16561;12;4;2;4292
dp;100x100;0.25;8;13485.848;18.40623;10;4;1;4315
dp;100x100;0.25;9;13452.978;17.79945;12;4;2;4289
dp;100x100;0.25;10;13560.461;19.22921;8;4;0;4350
dp;100x100;0.25;11;13539.598;18.8122;8;4;0;4354
dp;100x100;0.25;12;13466.813;19.01107;8;4;0;4309
dp;100x100;0.25;13;13605.961;19.80555;8;4;0;4433
dp;100x100;0.25;14;13648.167;19.08938;10;4;1;4397
dp;100x100;0.25;15;13573.852;19.08556;16;4;4;4364
dp;100x100;0.25;16;13463.875;20.32141;8;4;0;4248
dp;100x100;0.25;17;13553.93;18.81426;8;4;0;4362
dp;100x100;0.25;18;13577.434;19.07905;16;4;4;4359
dp;100x100;0.25;19;13659.222;19.79536;8;4;0;4450
dp;100x100;0.25;20;13584.697;19.11717;10;4;1;4353
dp;25x25;0.5;1;632.525;0.06699;8;4;0;204
dp;25x25;0.5;2;701.732;0.06405;8;4;0;225
dp;25x25;0.5;3;658.114;0.04429;8;4;0;210
dp;25x25;0.5;4;713.515;0.06557;8;4;0;226
dp;25x25;0.5;5;712.509;0.04944;8;4;0;227
dp;25x25;0.5;6;682.485;0.04651;8;4;0;221
dp;25x25;0.5;7;684.394;0.05519;8;4;0;221
dp;25x25;0.5;8;691.434;0.05384;8;4;0;227
dp;25x25;0.5;9;694.971;0.06013;8;4;0;221
dp;25x25;0.5;10;726.716;0.05989;8;4;0;243
dp;25x25;0.5;11;722.005;0.06391;8;4;0;238
dp;25x25;0.5;12;661.767;0.04807;8;4;0;213
dp;25x25;0.5;13;652.322;0.05019;8;4;0;219
dp;25x25;0.5;14;659.088;0.04268;8;4;0;210
dp;25x25;0.5;15;666.463;0.04619;8;4;0;219
dp;25x25;0.5;16;703.428;0.05142;8;4;0;232
dp;25x25;0.5;17;699.607;0.05305;8;4;0;231
dp;25x25;0.5;18;660.659;0.04414;8;4;0;212
dp;25x25;0.5;19;725.443;0.06091;8;4;0;241
dp;25x25;0.5;20;695.493;0.05371;8;4;0;223
dp;50x50;0.5;1;2896.495;0.74264;8;4;0;908
dp;50x50;0.5;2;2948.289;0.68921;8;4;0;901
dp;50x50;0.5;3;2826.684;0.67309;8;4;0;843
dp;50x50;0.5;4;2926.986;0.79974;8;4;0;882
dp;50x50;0.5;5;2933.175;0.70742;8;4;0;906
dp;50x50;0.5;6;2916.071;0.7164;10;4;1;887
dp;50x50;0.5;7;2928.063;0.64915;10;4;1;895
dp;50x50;0.5;8;2919.19;0.63079;8;4;0;877
dp;50x50;0.5;9;2972.821;0.74857;8;4;0;919
dp;50x50;0.5;10;2935.557;0.68595;8;4;0;921
dp;50x50;0.5;11;2941.774;0.67218;10;4;1;906
dp;50x50;0.5;12;2882.06;0.66854;8;4;0;881
dp;50x50;0.5;13;2953.672;0.70655;10;4;1;907
dp;50x50;0.5;14;2916.732;0.658;10;4;1;890
dp;50x50;0.5;15;2954.097;0.71678;8;4;0;926
dp;50x50;0.5;16;2924.955;0.66938;8;4;0;903
dp;50x50;0.5;17;2916.299;0.71464;8;4;0;893
dp;50x50;0.5;18;2909.5;0.7298;8;4;0;900
dp;50x50;0.5;19;2919.328;0.68009;8;4;0;872
dp;50x50;0.5;20;2846.093;0.6558;10;4;1;856
dp;100x100;0.5;1;12511.984;12.12479;22;4;7;3577
dp;100x100;0.5;2;12520.563;12.37842;14;4;3;3638
dp;100x100;0.5;3;12610.665;12.44069;10;4;1;3689
dp;100x100;0.5;4;12608.45;12.33223;14;4;3;3631
dp;100x100;0.5;5;12538.01;11.85854;14;4;3;3564
dp;100x100;0.5;6;12500.569;12.07563;16;4;4;3599
dp;100x100;0.5;7;12476.897;12.14386;16;4;4;3610
dp;100x100;0.5;8;12332.635;11.35705;16;4;4;3505
dp;100x100;0.5;9;12487.249;12.57197;12;4;2;3649
dp;100x100;0.5;10;12510.008;12.20423;16;4;4;3625
dp;100x100;0.5;11;12530.67;12.08085;12;4;2;3617
dp;100x100;0.5;12;12693.259;13.22687;14;4;3;3724
dp;100x100;0.5;13;12533.883;11.7428;12;4;2;3601
dp;100x100;0.5;14;12587.168;12.74538;14;4;3;3677
dp;100x100;0.5;15;12536.598;12.03047;22;4;7;3581
dp;100x100;0.5;16;12622.412;13.02351;14;4;3;3722
dp;100x100;0.5;17;12594.57;12.51407;12;4;2;3657
dp;100x100;0.5;18;12651.898;12.49732;18;4;5;3657
dp;100x100;0.5;19;12473.945;11.93554;14;4;3;3585
dp;100x100;0.5;20;12666.046;13.56537;16;4;4;3727
dp;25x25;0.75;1;571.857;0.05085;8;4;0;179
dp;25x25;0.75;2;493.494;0.03097;8;4;0;149
dp;25x25;0.75;3;407.146;0.02281;8;4;0;118
dp;25x25;0.75;4;480.16;0.0369;8;4;0;144
dp;25x25;0.75;5;537;0.03125;8;4;0;162
dp;25x25;0.75;6;528.455;0.03191;8;4;0;167
dp;25x25;0.75;7;475.334;0.02987;8;4;0;139
dp;25x25;0.75;8;586.998;0.03904;8;4;0;186
dp;25x25;0.75;9;584.441;0.04505;8;4;0;182
dp;25x25;0.75;10;584.873;0.04062;8;4;0;180
dp;25x25;0.75;11;449.102;0.02539;8;4;0;136
dp;25x25;0.75;12;605.37;0.04302;8;4;0;183
dp;25x25;0.75;13;521.181;0.0411;8;4;0;161
dp;25x25;0.75;14;538.253;0.03379;8;4;0;163
dp;25x25;0.75;15;507.238;0.03067;8;4;0;155
dp;25x25;0.75;16;546.777;0.04345;8;4;0;184
dp;25x25;0.75;17;524.88;0.0289;8;4;0;153
dp;25x25;0.75;18;498.793;0.03919;8;4;0;149
dp;25x25;0.75;19;494.518;0.02908;8;4;0;147
dp;25x25;0.75;20;525.897;0.0285;8;4;0;155
dp;50x50;0.75;1;2276.238;0.34606;12;4;2;631
dp;50x50;0.75;2;2448.152;0.37044;10;4;1;658
dp;50x50;0.75;3;2433.707;0.38854;10;4;1;668
dp;50x50;0.75;4;2404.814;0.35176;10;4;1;645
dp;50x50;0.75;5;2441.729;0.40236;8;4;0;674
dp;50x50;0.75;6;2397.712;0.38687;10;4;1;650
dp;50x50;0.75;7;2472.825;0.37833;16;4;4;659
dp;50x50;0.75;8;2417.243;0.34527;12;4;2;638
dp;50x50;0.75;9;2549.096;0.46675;10;4;1;710
dp;50x50;0.75;10;2367.715;0.38275;8;4;0;643
dp;50x50;0.75;11;2349.432;0.34828;8;4;0;627
dp;50x50;0.75;12;2451.971;0.36219;12;4;2;654
dp;50x50;0.75;13;2451.932;0.40025;10;4;1;669
dp;50x50;0.75;14;2492.932;0.40862;14;4;3;678
dp;50x50;0.75;15;2429.542;0.3659;10;4;1;647
dp;50x50;0.75;16;2480.157;0.42667;8;4;0;678
dp;50x50;0.75;17;2474.853;0.37911;12;4;2;660
dp;50x50;0.75;18;2466.27;0.38207;8;4;0;669
dp;50x50;0.75;19;2471.685;0.38087;10;4;1;667
dp;50x50;0.75;20;2421.153;0.43654;8;4;0;677
dp;100x100;0.75;1;10947.11;6.303;24;4;8;2676
dp;100x100;0.75;2;10965.676;7.3983;32;4;12;2712
dp;100x100;0.75;3;10873.954;6.76205;28;4;10;2706
dp;100x100;0.75;4;10920.396;6.55074;32;4;12;2694
dp;100x100;0.75;5;11027.806;6.60028;30;4;11;2668
dp;100x100;0.75;6;10786.452;6.11052;26;4;9;2586
dp;100x100;0.75;7;11059.635;6.74895;32;4;12;2705
dp;100x100;0.75;8;10766.051;6.08286;26;4;9;2614
dp;100x100;0.75;9;10873.27;6.85433;34;4;13;2669
dp;100x100;0.75;10;10828.345;6.40816;30;4;11;2640
dp;100x100;0.75;11;11069.748;6.75355;28;4;10;2707
dp;100x100;0.75;12;11091.303;7.04409;28;4;10;2735
dp;100x100;0.75;13;11035.883;6.69981;28;4;10;2718
dp;100x100;0.75;14;11139.168;6.74565;36;4;14;2725
dp;100x100;0.75;15;11006.411;7.03603;34;4;13;2753
dp;100x100;0.75;16;10918.598;6.63171;30;4;11;2676
dp;100x100;0.75;17;11088.288;6.88008;30;4;11;2754
dp;100x100;0.75;18;11045.909;7.03805;30;4;11;2736
dp;100x100;0.75;19;11078.015;7.38385;24;4;8;2793
dp;100x100;0.75;20;11050.882;6.72651;34;4;13;2725
dp;25x25;0.95;1;293.394;0.03048;8;4;0;87
dp;25x25;0.95;2;266.054;0.01475;8;4;0;79
dp;25x25;0.95;3;216.761;0.01258;8;4;0;49
dp;25x25;0.95;4;257.882;1.92563;8;4;0;73
dp;25x25;0.95;5;272.067;0.01976;8;4;0;70
dp;25x25;0.95;6;228.227;0.01255;8;4;0;59
dp;25x25;0.95;7;277.605;0.01442;8;4;0;78
dp;25x25;0.95;8;310.49;0.01485;8;4;0;86
dp;25x25;0.95;9;194.959;0.01183;6;2;1;47
dp;25x25;0.95;10;262.91;0.01388;8;4;0;70
dp;25x25;0.95;11;216.065;0.02035;8;4;0;49
dp;25x25;0.95;12;200.104;0.01549;8;4;0;58
dp;25x25;0.95;13;242.513;0.01571;8;4;0;60
dp;25x25;0.95;14;228.872;0.0155;8;4;0;58
dp;25x25;0.95;15;220.028;0.01275;8;4;0;51
dp;25x25;0.95;16;242.244;0.01418;8;4;0;64
dp;25x25;0.95;17;296.063;0.02;8;4;0;84
dp;25x25;0.95;18;207.637;0.02562;8;4;0;54
dp;25x25;0.95;19;210.708;0.01881;8;4;0;57
dp;25x25;0.95;20;298.86;0.02652;8;4;0;79
dp;50x50;0.95;1;1052.372;0.08207;16;4;4;266
dp;50x50;0.95;2;1238.171;0.10901;12;4;2;313
dp;50x50;0.95;3;1463.3;0.10633;12;4;2;365
dp;50x50;0.95;4;699.572;0.05407;10;4;1;200
dp;50x50;0.95;5;1389.809;0.12956;16;4;4;344
dp;50x50;0.95;6;1209.95;0.09192;18;4;5;311
dp;50x50;0.95;7;1277.45;0.09198;12;4;2;324
dp;50x50;0.95;8;1365.145;0.11312;14;4;3;350
dp;50x50;0.95;9;1351.221;0.08108;12;4;2;306
dp;50x50;0.95;10;1287.77;0.10914;14;4;3;335
dp;50x50;0.95;11;1341.931;0.11671;10;4;1;335
dp;50x50;0.95;12;1310.71;0.07586;22;4;7;288
dp;50x50;0.95;13;1470.946;0.10276;16;4;4;354
dp;50x50;0.95;14;970.513;0.05572;18;4;5;244
dp;50x50;0.95;15;1110.619;0.08258;16;4;4;281
dp;50x50;0.95;16;1333.748;0.11223;10;4;1;346
dp;50x50;0.95;17;1199.123;0.07541;14;4;3;275
dp;50x50;0.95;18;1081.849;0.07229;12;4;2;274
dp;50x50;0.95;19;1343.715;0.12276;18;4;5;341
dp;50x50;0.95;20;770.953;0.04725;12;4;2;207
dp;100x100;0.95;1;7226.91;1.46436;82;4;37;1282
dp;100x100;0.95;2;6504.477;1.19446;50;4;21;1184
dp;100x100;0.95;3;7000.946;1.46692;76;4;34;1271
dp;100x100;0.95;4;7056.431;1.56814;42;4;17;1334
dp;100x100;0.95;5;7290.494;1.46261;62;4;27;1312
dp;100x100;0.95;6;7057.217;1.59636;66;4;29;1267
dp;100x100;0.95;7;7158.88;1.52951;72;4;32;1306
dp;100x100;0.95;8;7025.215;1.584;56;4;24;1319
dp;100x100;0.95;9;6562.736;1.30731;72;4;32;1210
dp;100x100;0.95;10;6686.128;1.4509;52;4;22;1257
dp;100x100;0.95;11;6811.154;1.37099;68;4;30;1270
dp;100x100;0.95;12;7531.042;1.7735;44;4;18;1394
dp;100x100;0.95;13;7007.123;1.53692;70;4;31;1285
dp;100x100;0.95;14;7394.771;1.6462;50;4;21;1379
dp;100x100;0.95;15;7830.619;1.80034;64;4;28;1414
dp;100x100;0.95;16;7509.325;1.6014;40;4;16;1402
dp;100x100;0.95;17;7253.207;1.56027;60;4;26;1363
dp;100x100;0.95;18;7313.17;1.53912;60;4;26;1330
dp;100x100;0.95;19;6441.224;1.37598;46;4;19;1235
dp;100x100;0.95;20;6735.1;1.29783;68;4;30;1224
f1s;25x25;0.05;1;939.34;0.00105;4;2;0;326
f1s;25x25;0.05;2;919.125;0.00085;4;2;0;307
f1s;25x25;0.05;3;923.158;0.00075;4;2;0;307
f1s;25x25;0.05;4;901.315;0.00073;4;2;0;293
f1s;25x25;0.05;5;909.071;0.0012;4;2;0;306
f1s;25x25;0.05;6;912.712;0.00104;4;2;0;306
f1s;25x25;0.05;7;904.585;0.00107;4;2;0;306
f1s;25x25;0.05;8;922.025;0.00091;4;2;0;308
f1s;25x25;0.05;9;885.42;0.00143;4;2;0;281
f1s;25x25;0.05;10;885.208;0.00117;4;2;0;292
f1s;25x25;0.05;11;900.899;0.0011;4;2;0;306
f1s;25x25;0.05;12;906.995;0.00091;4;2;0;298
f1s;25x25;0.05;13;906.845;0.00156;4;2;0;296
f1s;25x25;0.05;14;921.676;0.00081;4;2;0;303
f1s;25x25;0.05;15;931.821;0.00073;4;2;0;319
f1s;25x25;0.05;16;884.499;0.00067;4;2;0;285
f1s;25x25;0.05;17;896.566;0.00084;4;2;0;293
f1s;25x25;0.05;18;901.925;0.00072;4;2;0;305
f1s;25x25;0.05;19;937.264;0.00073;4;2;0;334
f1s;25x25;0.05;20;894.163;0.00068;4;2;0;294
f1s;50x50;0.05;1;3616.15;0.00206;4;2;0;1201
f1s;50x50;0.05;2;3639.002;0.00232;4;2;0;1218
f1s;50x50;0.05;3;3626.892;0.00255;4;2;0;1213
f1s;50x50;0.05;4;3647.858;0.00286;4;2;0;1218
f1s;50x50;0.05;5;3602.2;0.00229;4;2;0;1209
f1s;50x50;0.05;6;3677.716;0.00278;4;2;0;1253
f1s;50x50;0.05;7;3636.726;0.00261;4;2;0;1222
f1s;50x50;0.05;8;3604.936;0.00411;4;2;0;1183
f1s;50x50;0.05;9;3647.063;0.00339;4;2;0;1226
f1s;50x50;0.05;10;3631.511;0.00248;4;2;0;1214
f1s;50x50;0.05;11;3590.799;0.00254;4;2;0;1194
f1s;50x50;0.05;12;3649.095;0.00232;4;2;0;1221
f1s;50x50;0.05;13;3639.587;0.00227;4;2;0;1210
f1s;50x50;0.05;14;3616.954;0.00306;4;2;0;1187
f1s;50x50;0.05;15;3662.626;0.00263;4;2;0;1237
f1s;50x50;0.05;16;3702.962;0.00224;4;2;0;1272
f1s;50x50;0.05;17;3698.781;0.00207;4;2;0;1260
f1s;50x50;0.05;18;3665.094;0.00204;4;2;0;1238
f1s;50x50;0.05;19;3677.644;0.00218;4;2;0;1248
f1s;50x50;0.05;20;3636.283;0.00292;4;2;0;1211
f1s;100x100;0.05;1;14579.292;0.00822;4;2;0;4795
f1s;100x100;0.05;2;14711.721;0.00808;4;2;0;4913
f1s;100x100;0.05;3;14751.156;0.00825;4;2;0;4926
f1s;100x100;0.05;4;14652.025;0.00829;4;2;0;4872
f1s;100x100;0.05;5;14673.092;0.00826;4;2;0;4884
f1s;100x100;0.05;6;14657.853;0.00801;4;2;0;4836
f1s;100x100;0.05;7;14786.478;0.00814;6;2;1;4954
f1s;100x100;0.05;8;14637.825;0.0083;4;2;0;4807
f1s;100x100;0.05;9;14680.838;0.01176;4;2;0;4855
f1s;100x100;0.05;10;14714.291;0.00837;4;2;0;4915
f1s;100x100;0.05;11;14691.461;0.00854;4;2;0;4876
f1s;100x100;0.05;12;14762.657;0.01169;4;2;0;4946
f1s;100x100;0.05;13;14595.293;0.00802;4;2;0;4811
f1s;100x100;0.05;14;14746.29;0.00808;4;2;0;4949
f1s;100x100;0.05;15;14685.256;0.00917;4;2;0;4877
f1s;100x100;0.05;16;14745.461;0.00816;4;2;0;4931
f1s;100x100;0.05;17;14658.798;0.00824;4;2;0;4862
f1s;100x100;0.05;18;14690.783;0.0081;4;2;0;4883
f1s;100x100;0.05;19;14675.065;0.00833;4;2;0;4893
f1s;100x100;0.05;20;14674.627;0.00804;4;2;0;4870
f1s;25x25;0.25;1;862.565;0.00099;4;2;0;284
f1s;25x25;0.25;2;881.17;0.00085;4;2;0;281
f1s;25x25;0.25;3;866.469;0.00087;4;2;0;275
f1s;25x25;0.25;4;839.215;0.00088;4;2;0;252
f1s;25x25;0.25;5;870.782;0.0007;4;2;0;273
f1s;25x25;0.25;6;867.07;0.00069;4;2;0;270
f1s;25x25;0.25;7;876.246;0.00071;4;2;0;284
f1s;25x25;0.25;8;873.997;0.00071;4;2;0;268
f1s;25x25;0.25;9;859.732;0.00112;4;2;0;266
f1s;25x25;0.25;10;851.684;0.00118;4;2;0;278
f1s;25x25;0.25;11;855.188;0.00208;4;2;0;256
f1s;25x25;0.25;12;845.042;0.00075;4;2;0;260
f1s;25x25;0.25;13;842.355;0.00089;4;2;0;245
f1s;25x25;0.25;14;834.115;0.00071;4;2;0;261
f1s;25x25;0.25;15;872.484;0.00075;4;2;0;290
f1s;25x25;0.25;16;864.861;0.00071;4;2;0;256
f1s;25x25;0.25;17;859.012;0.00066;4;2;0;270
f1s;25x25;0.25;18;875.982;0.00072;4;2;0;274
f1s;25x25;0.25;19;877.075;0.00087;4;2;0;281
f1s;25x25;0.25;20;855.485;0.00068;4;2;0;257
f1s;50x50;0.25;1;3502.005;0.0021;4;2;0;1099
f1s;50x50;0.25;2;3533.977;0.00318;4;2;0;1107
f1s;50x50;0.25;3;3538.172;0.00228;4;2;0;1117
f1s;50x50;0.25;4;3526.847;0.00218;4;2;0;1108
f1s;50x50;0.25;5;3505.676;0.00207;4;2;0;1094
f1s;50x50;0.25;6;3435.244;0.00229;4;2;0;1043
f1s;50x50;0.25;7;3512.083;0.00271;4;2;0;1104
f1s;50x50;0.25;8;3474.88;0.00513;4;2;0;1076
f1s;50x50;0.25;9;3494.325;0.00295;4;2;0;1100
f1s;50x50;0.25;10;3507.812;0.00306;4;2;0;1116
f1s;50x50;0.25;11;3487.581;0.00262;4;2;0;1091
f1s;50x50;0.25;12;3472.588;0.00456;4;2;0;1074
f1s;50x50;0.25;13;3484.914;0.00341;4;2;0;1085
f1s;50x50;0.25;14;3541.199;0.00227;4;2;0;1129
f1s;50x50;0.25;15;3524.16;0.00236;4;2;0;1118
f1s;50x50;0.25;16;3485.074;0.00208;4;2;0;1076
f1s;50x50;0.25;17;3493.752;0.00249;4;2;0;1077
f1s;50x50;0.25;18;3463.937;0.00359;4;2;0;1061
f1s;50x50;0.25;19;3517.165;0.00222;4;2;0;1110
f1s;50x50;0.25;20;3488.531;0.00208;4;2;0;1080
f1s;100x100;0.25;1;14015.916;0.00874;4;2;0;4282
f1s;100x100;0.25;2;14090.924;0.00787;4;2;0;4324
f1s;100x100;0.25;3;14089.301;0.00805;4;2;0;4325
f1s;100x100;0.25;4;14088.417;0.00796;4;2;0;4334
f1s;100x100;0.25;5;14016.423;0.00819;4;2;0;4241
f1s;100x100;0.25;6;14094.725;0.00897;4;2;0;4332
f1s;100x100;0.25;7;14083.154;0.00789;4;2;0;4296
f1s;100x100;0.25;8;14062.898;0.00798;4;2;0;4318
f1s;100x100;0.25;9;14043.301;0.00795;4;2;0;4293
f1s;100x100;0.25;10;14122.716;0.01067;4;2;0;4352
f1s;100x100;0.25;11;14109.402;0.00802;4;2;0;4356
f1s;100x100;0.25;12;14074.48;0.0084;4;2;0;4311
f1s;100x100;0.25;13;14206.181;0.00796;4;2;0;4435
f1s;100x100;0.25;14;14194.959;0.00839;4;2;0;4400
f1s;100x100;0.25;15;14157.632;0.00796;4;2;0;4370
f1s;100x100;0.25;16;14029.616;0.00808;4;2;0;4250
f1s;100x100;0.25;17;14137.485;0.00795;4;2;0;4364
f1s;100x100;0.25;18;14149.611;0.00788;4;2;0;4365
f1s;100x100;0.25;19;14214.758;0.00793;4;2;0;4452
f1s;100x100;0.25;20;14150.243;0.00798;4;2;0;4356
f1s;25x25;0.5;1;755.386;0.00109;4;2;0;206
f1s;25x25;0.5;2;823.358;0.00092;4;2;0;227
f1s;25x25;0.5;3;792.296;0.00091;4;2;0;212
f1s;25x25;0.5;4;818.335;0.00077;4;2;0;228
f1s;25x25;0.5;5;827.802;0.00101;4;2;0;229
f1s;25x25;0.5;6;814.547;0.00117;4;2;0;223
f1s;25x25;0.5;7;791.176;0.00096;4;2;0;223
f1s;25x25;0.5;8;810.626;0.00135;4;2;0;229
f1s;25x25;0.5;9;805.819;0.00131;4;2;0;223
f1s;25x25;0.5;10;829.85;0.00073;4;2;0;245
f1s;25x25;0.5;11;834.571;0.00068;4;2;0;240
f1s;25x25;0.5;12;769.682;0.0007;4;2;0;215
f1s;25x25;0.5;13;774.331;0.00071;4;2;0;221
f1s;25x25;0.5;14;787.734;0.00069;4;2;0;212
f1s;25x25;0.5;15;802.816;0.0011;4;2;0;221
f1s;25x25;0.5;16;796.609;0.00136;4;2;0;234
f1s;25x25;0.5;17;825.662;0.00101;4;2;0;233
f1s;25x25;0.5;18;788.917;0.00122;4;2;0;214
f1s;25x25;0.5;19;843.023;0.00133;4;2;0;243
f1s;25x25;0.5;20;808.695;0.00076;4;2;0;225
f1s;50x50;0.5;1;3284.873;0.002;4;2;0;910
f1s;50x50;0.5;2;3290.761;0.00211;6;2;1;902
f1s;50x50;0.5;3;3186.925;0.00192;6;2;1;844
f1s;50x50;0.5;4;3238.514;0.00247;4;2;0;884
f1s;50x50;0.5;5;3260.653;0.00257;4;2;0;908
f1s;50x50;0.5;6;3263.157;0.00291;4;2;0;890
f1s;50x50;0.5;7;3250.794;0.00215;6;2;1;897
f1s;50x50;0.5;8;3234.982;0.00196;4;2;0;879
f1s;50x50;0.5;9;3309.155;0.00202;4;2;0;921
f1s;50x50;0.5;10;3264.65;0.00194;4;2;0;923
f1s;50x50;0.5;11;3272.518;0.00196;4;2;0;909
f1s;50x50;0.5;12;3224.121;0.00269;4;2;0;883
f1s;50x50;0.5;13;3271.33;0.00237;6;2;1;909
f1s;50x50;0.5;14;3246.468;0.00243;4;2;0;893
f1s;50x50;0.5;15;3294.658;0.00211;4;2;0;928
f1s;50x50;0.5;16;3286.02;0.00211;4;2;0;905
f1s;50x50;0.5;17;3241.054;0.00229;6;2;1;894
f1s;50x50;0.5;18;3251.711;0.00236;4;2;0;902
f1s;50x50;0.5;19;3247.172;0.00233;6;2;1;873
f1s;50x50;0.5;20;3207.982;0.00253;4;2;0;859
f1s;100x100;0.5;1;13306.369;0.00756;4;2;0;3586
f1s;100x100;0.5;2;13329.36;0.00765;6;2;1;3642
f1s;100x100;0.5;3;13413.015;0.00762;4;2;0;3692
f1s;100x100;0.5;4;13330.755;0.00809;4;2;0;3636
f1s;100x100;0.5;5;13308.911;0.00771;4;2;0;3569
f1s;100x100;0.5;6;13267.022;0.00789;6;2;1;3604
f1s;100x100;0.5;7;13297.451;0.00759;6;2;1;3615
f1s;100x100;0.5;8;13156.941;0.00788;10;2;3;3508
f1s;100x100;0.5;9;13313.383;0.00785;8;2;2;3651
f1s;100x100;0.5;10;13257.785;0.00789;8;2;2;3629
f1s;100x100;0.5;11;13282.597;0.00767;4;2;0;3621
f1s;100x100;0.5;12;13452.229;0.00894;4;2;0;3729
f1s;100x100;0.5;13;13321.031;0.00756;4;2;0;3605
f1s;100x100;0.5;14;13349.576;0.00904;4;2;0;3682
f1s;100x100;0.5;15;13327.596;0.00794;8;2;2;3588
f1s;100x100;0.5;16;13409.51;0.00896;4;2;0;3727
f1s;100x100;0.5;17;13359.843;0.00793;6;2;1;3660
f1s;100x100;0.5;18;13384.8;0.00776;4;2;0;3664
f1s;100x100;0.5;19;13281.341;0.00779;6;2;1;3589
f1s;100x100;0.5;20;13452.808;0.01119;4;2;0;3733
f1s;25x25;0.75;1;726.222;0.00128;4;2;0;181
f1s;25x25;0.75;2;684.198;0.0012;4;2;0;151
f1s;25x25;0.75;3;560.116;0.0008;4;2;0;120
f1s;25x25;0.75;4;661.959;0.00093;4;2;0;146
f1s;25x25;0.75;5;698.995;0.0007;4;2;0;164
f1s;25x25;0.75;6;680.738;0.00105;4;2;0;169
f1s;25x25;0.75;7;665.407;0.00118;4;2;0;141
f1s;25x25;0.75;8;745.172;0.00144;4;2;0;188
f1s;25x25;0.75;9;731.278;0.00144;4;2;0;184
f1s;25x25;0.75;10;751.223;0.00095;4;2;0;182
f1s;25x25;0.75;11;648.829;0.00064;4;2;0;138
f1s;25x25;0.75;12;740.942;0.00091;4;2;0;185
f1s;25x25;0.75;13;671.92;0.00115;4;2;0;163
f1s;25x25;0.75;14;714.308;0.00072;4;2;0;165
f1s;25x25;0.75;15;626.949;0.00073;4;2;0;157
f1s;25x25;0.75;16;694.506;0.00067;4;2;0;186
f1s;25x25;0.75;17;697.39;0.00061;4;2;0;155
f1s;25x25;0.75;18;683.445;0.0007;4;2;0;151
f1s;25x25;0.75;19;669.176;0.00061;4;2;0;149
f1s;25x25;0.75;20;671.159;0.00105;6;2;1;156
f1s;50x50;0.75;1;2792.274;0.00209;10;2;3;632
f1s;50x50;0.75;2;2954.986;0.00333;4;2;0;661
f1s;50x50;0.75;3;2957.141;0.00301;4;2;0;671
f1s;50x50;0.75;4;2928.81;0.00274;10;2;3;645
f1s;50x50;0.75;5;2980.302;0.00283;4;2;0;676
f1s;50x50;0.75;6;2916.916;0.00305;6;2;1;652
f1s;50x50;0.75;7;2962.963;0.00284;6;2;1;664
f1s;50x50;0.75;8;2891.071;0.00346;4;2;0;642
f1s;50x50;0.75;9;2985.279;0.002;4;2;0;713
f1s;50x50;0.75;10;2831.812;0.00308;6;2;1;644
f1s;50x50;0.75;11;2885.409;0.00218;6;2;1;628
f1s;50x50;0.75;12;2988.656;0.00269;4;2;0;658
f1s;50x50;0.75;13;2929.252;0.0032;8;2;2;670
f1s;50x50;0.75;14;2990.449;0.00282;4;2;0;683
f1s;50x50;0.75;15;2887.876;0.00281;6;2;1;649
f1s;50x50;0.75;16;2942.207;0.00298;6;2;1;679
f1s;50x50;0.75;17;2969.168;0.00228;6;2;1;663
f1s;50x50;0.75;18;2956.602;0.00272;4;2;0;671
f1s;50x50;0.75;19;2945.345;0.00235;8;2;2;668
f1s;50x50;0.75;20;2936.539;0.00301;8;2;2;677
f1s;100x100;0.75;1;12172.139;0.0079;22;2;9;2677
f1s;100x100;0.75;2;12246.053;0.00756;22;2;9;2717
f1s;100x100;0.75;3;12137.733;0.00743;16;2;6;2712
f1s;100x100;0.75;4;12171.012;0.00741;6;2;1;2707
f1s;100x100;0.75;5;12260.647;0.00738;10;2;3;2678
f1s;100x100;0.75;6;12126.855;0.00748;6;2;1;2596
f1s;100x100;0.75;7;12244.997;0.00828;8;2;2;2717
f1s;100x100;0.75;8;12058.755;0.00728;18;2;7;2618
f1s;100x100;0.75;9;12205.497;0.00726;18;2;7;2677
f1s;100x100;0.75;10;12183.494;0.00739;22;2;9;2644
f1s;100x100;0.75;11;12258.008;0.00752;12;2;4;2715
f1s;100x100;0.75;12;12236.558;0.00772;22;2;9;2738
f1s;100x100;0.75;13;12234.643;0.01079;14;2;5;2725
f1s;100x100;0.75;14;12222.173;0.00728;14;2;5;2736
f1s;100x100;0.75;15;12277.537;0.00709;18;2;7;2761
f1s;100x100;0.75;16;12193.899;0.00755;16;2;6;2683
f1s;100x100;0.75;17;12268.919;0.00734;16;2;6;2761
f1s;100x100;0.75;18;12239.186;0.0074;16;2;6;2743
f1s;100x100;0.75;19;12325.6;0.00738;18;2;7;2796
f1s;100x100;0.75;20;12279.485;0.00739;18;2;7;2733
f1s;25x25;0.95;1;485.561;0.00123;4;2;0;89
f1s;25x25;0.95;2;495.874;0.00101;4;2;0;81
f1s;25x25;0.95;3;335.946;0.00067;6;2;1;50
f1s;25x25;0.95;4;430.42;0.00065;6;2;1;74
f1s;25x25;0.95;5;488.817;0.00106;6;2;1;71
f1s;25x25;0.95;6;377.145;0.00063;4;2;0;61
f1s;25x25;0.95;7;415.627;0.00093;6;2;1;79
f1s;25x25;0.95;8;476.92;0.00103;4;2;0;88
f1s;25x25;0.95;9;194.959;0.00068;6;2;1;47
f1s;25x25;0.95;10;396.874;0.00066;4;2;0;72
f1s;25x25;0.95;11;293.305;0.00143;4;2;0;51
f1s;25x25;0.95;12;351.807;0.00149;4;2;0;60
f1s;25x25;0.95;13;321.928;0.001;8;2;2;60
f1s;25x25;0.95;14;355.881;0.00065;4;2;0;60
f1s;25x25;0.95;15;276.363;0.00078;4;2;0;53
f1s;25x25;0.95;16;397.765;0.00089;4;2;0;66
f1s;25x25;0.95;17;422.078;0.00062;4;2;0;86
f1s;25x25;0.95;18;347.768;0.00061;4;2;0;56
f1s;25x25;0.95;19;366.327;0.00063;4;2;0;59
f1s;25x25;0.95;20;388.727;0.00072;4;2;0;81
f1s;50x50;0.95;1;1878.329;0.00183;24;2;10;262
f1s;50x50;0.95;2;2071.179;0.00181;30;2;13;304
f1s;50x50;0.95;3;2094.984;0.00268;22;2;9;360
f1s;50x50;0.95;4;1293.185;0.00356;30;2;13;190
f1s;50x50;0.95;5;2189.451;0.00219;16;2;6;344
f1s;50x50;0.95;6;1938.987;0.00181;18;2;7;311
f1s;50x50;0.95;7;2060.197;0.00177;16;2;6;322
f1s;50x50;0.95;8;2205.267;0.00203;16;2;6;349
f1s;50x50;0.95;9;2029.149;0.00187;22;2;9;301
f1s;50x50;0.95;10;2096.721;0.00276;24;2;10;330
f1s;50x50;0.95;11;2216.566;0.00313;22;2;9;329
f1s;50x50;0.95;12;1904.253;0.00187;22;2;9;288
f1s;50x50;0.95;13;2162.264;0.00172;14;2;5;355
f1s;50x50;0.95;14;1692.272;0.00257;40;2;18;233
f1s;50x50;0.95;15;1800.766;0.00268;22;2;9;278
f1s;50x50;0.95;16;2195.772;0.00246;22;2;9;340
f1s;50x50;0.95;17;1903.069;0.00293;28;2;12;268
f1s;50x50;0.95;18;1870.079;0.00272;28;2;12;266
f1s;50x50;0.95;19;2053.293;0.00182;32;2;14;334
f1s;50x50;0.95;20;1516.257;0.00169;48;2;22;189
f1s;100x100;0.95;1;9597.289;0.00673;136;2;66;1255
f1s;100x100;0.95;2;8957.572;0.00639;156;2;76;1131
f1s;100x100;0.95;3;9518.501;0.00654;162;2;79;1228
f1s;100x100;0.95;4;9600.653;0.0067;154;2;75;1278
f1s;100x100;0.95;5;9748.965;0.00668;124;2;60;1281
f1s;100x100;0.95;6;9451.925;0.00755;120;2;58;1240
f1s;100x100;0.95;7;9394.296;0.00662;114;2;55;1285
f1s;100x100;0.95;8;9442.565;0.00663;132;2;64;1281
f1s;100x100;0.95;9;9105.814;0.00643;176;2;86;1158
f1s;100x100;0.95;10;9251.246;0.0065;188;2;92;1189
f1s;100x100;0.95;11;9278.386;0.00763;178;2;87;1215
f1s;100x100;0.95;12;9748.967;0.00656;80;2;38;1376
f1s;100x100;0.95;13;9349.457;0.00651;134;2;65;1253
f1s;100x100;0.95;14;9779.207;0.00684;112;2;54;1348
f1s;100x100;0.95;15;10027.865;0.00661;112;2;54;1390
f1s;100x100;0.95;16;9735.233;0.00651;88;2;42;1378
f1s;100x100;0.95;17;9482.019;0.00655;130;2;63;1328
f1s;100x100;0.95;18;9773.849;0.00654;114;2;55;1303
f1s;100x100;0.95;19;8917.03;0.00661;130;2;63;1193
f1s;100x100;0.95;20;9076.165;0.00674;146;2;71;1185
f2s;25x25;0.05;1;923.13;0.00096;8;4;0;324
f2s;25x25;0.05;2;863.914;0.00083;8;4;0;305
f2s;25x25;0.05;3;871.202;0.0008;8;4;0;305
f2s;25x25;0.05;4;860.173;0.00076;8;4;0;291
f2s;25x25;0.05;5;881.812;0.00086;8;4;0;304
f2s;25x25;0.05;6;894.404;0.0008;8;4;0;304
f2s;25x25;0.05;7;859.573;0.00102;8;4;0;304
f2s;25x25;0.05;8;919.022;0.00192;8;4;0;306
f2s;25x25;0.05;9;840.232;0.00176;8;4;0;279
f2s;25x25;0.05;10;895.693;0.001;8;4;0;290
f2s;25x25;0.05;11;926.831;0.00166;8;4;0;304
f2s;25x25;0.05;12;902.542;0.0014;8;4;0;296
f2s;25x25;0.05;13;877.468;0.00089;8;4;0;294
f2s;25x25;0.05;14;870.153;0.00087;8;4;0;301
f2s;25x25;0.05;15;899.63;0.00122;8;4;0;317
f2s;25x25;0.05;16;865.528;0.00093;8;4;0;283
f2s;25x25;0.05;17;831.544;0.0008;8;4;0;291
f2s;25x25;0.05;18;896.424;0.00086;8;4;0;303
f2s;25x25;0.05;19;926.221;0.00076;8;4;0;332
f2s;25x25;0.05;20;848.83;0.00083;8;4;0;292
f2s;50x50;0.05;1;3489.417;0.00263;8;4;0;1199
f2s;50x50;0.05;2;3516.935;0.00343;8;4;0;1216
f2s;50x50;0.05;3;3495.667;0.00282;8;4;0;1211
f2s;50x50;0.05;4;3524.598;0.00257;8;4;0;1216
f2s;50x50;0.05;5;3539.023;0.00262;8;4;0;1207
f2s;50x50;0.05;6;3613.741;0.00252;8;4;0;1251
f2s;50x50;0.05;7;3601.707;0.00328;8;4;0;1220
f2s;50x50;0.05;8;3498.657;0.00347;8;4;0;1181
f2s;50x50;0.05;9;3578.974;0.00263;8;4;0;1224
f2s;50x50;0.05;10;3571.621;0.00257;8;4;0;1212
f2s;50x50;0.05;11;3452.947;0.00253;8;4;0;1192
f2s;50x50;0.05;12;3539.146;0.003;8;4;0;1219
f2s;50x50;0.05;13;3652.683;0.00286;8;4;0;1208
f2s;50x50;0.05;14;3526.037;0.0026;8;4;0;1185
f2s;50x50;0.05;15;3531.138;0.00244;8;4;0;1235
f2s;50x50;0.05;16;3605.615;0.00255;8;4;0;1270
f2s;50x50;0.05;17;3570.589;0.00374;8;4;0;1258
f2s;50x50;0.05;18;3600.474;0.00361;8;4;0;1236
f2s;50x50;0.05;19;3593.793;0.00266;8;4;0;1246
f2s;50x50;0.05;20;3582.151;0.00262;8;4;0;1209
f2s;100x100;0.05;1;14365.97;0.00945;8;4;0;4793
f2s;100x100;0.05;2;14520.797;0.01163;8;4;0;4911
f2s;100x100;0.05;3;14576.962;0.01;8;4;0;4924
f2s;100x100;0.05;4;14575.316;0.00959;8;4;0;4870
f2s;100x100;0.05;5;14536.102;0.00987;8;4;0;4882
f2s;100x100;0.05;6;14532.858;0.01077;8;4;0;4834
f2s;100x100;0.05;7;14746.75;0.0105;10;4;1;4952
f2s;100x100;0.05;8;14493.853;0.00943;8;4;0;4805
f2s;100x100;0.05;9;14325.791;0.01016;8;4;0;4853
f2s;100x100;0.05;10;14608.123;0.0106;8;4;0;4913
f2s;100x100;0.05;11;14585.336;0.01054;8;4;0;4874
f2s;100x100;0.05;12;14526.984;0.00967;8;4;0;4944
f2s;100x100;0.05;13;14248.657;0.00992;8;4;0;4809
f2s;100x100;0.05;14;14597.921;0.00968;8;4;0;4947
f2s;100x100;0.05;15;14479.999;0.00947;8;4;0;4875
f2s;100x100;0.05;16;14583.096;0.00989;8;4;0;4929
f2s;100x100;0.05;17;14484.941;0.00965;8;4;0;4860
f2s;100x100;0.05;18;14351.943;0.0109;8;4;0;4881
f2s;100x100;0.05;19;14408.189;0.01016;8;4;0;4891
f2s;100x100;0.05;20;14540.593;0.01438;8;4;0;4868
f2s;25x25;0.25;1;799.56;0.00102;8;4;0;282
f2s;25x25;0.25;2;832.746;0.00143;8;4;0;279
f2s;25x25;0.25;3;844.651;0.00072;8;4;0;273
f2s;25x25;0.25;4;777.665;0.00076;8;4;0;250
f2s;25x25;0.25;5;818.03;0.00111;8;4;0;271
f2s;25x25;0.25;6;836.283;0.00141;8;4;0;268
f2s;25x25;0.25;7;859.194;0.00086;8;4;0;282
f2s;25x25;0.25;8;829.035;0.00073;8;4;0;266
f2s;25x25;0.25;9;827.807;0.00143;8;4;0;264
f2s;25x25;0.25;10;825.816;0.00204;8;4;0;276
f2s;25x25;0.25;11;769.375;0.00109;8;4;0;254
f2s;25x25;0.25;12;832.58;0.00079;8;4;0;258
f2s;25x25;0.25;13;840.535;0.00075;8;4;0;243
f2s;25x25;0.25;14;798.617;0.00101;8;4;0;259
f2s;25x25;0.25;15;833.024;0.00082;8;4;0;288
f2s;25x25;0.25;16;811.29;0.00078;8;4;0;254
f2s;25x25;0.25;17;805.638;0.00077;8;4;0;268
f2s;25x25;0.25;18;825.198;0.00092;8;4;0;272
f2s;25x25;0.25;19;824.894;0.00081;8;4;0;279
f2s;25x25;0.25;20;834.124;0.00079;8;4;0;255
f2s;50x50;0.25;1;3346.511;0.00302;8;4;0;1097
f2s;50x50;0.25;2;3359.228;0.00316;8;4;0;1105
f2s;50x50;0.25;3;3548.522;0.00245;8;4;0;1115
f2s;50x50;0.25;4;3342.486;0.00272;8;4;0;1106
f2s;50x50;0.25;5;3425.934;0.00244;8;4;0;1092
f2s;50x50;0.25;6;3358.678;0.00305;8;4;0;1041
f2s;50x50;0.25;7;3327.996;0.00322;8;4;0;1102
f2s;50x50;0.25;8;3298.017;0.00292;8;4;0;1074
f2s;50x50;0.25;9;3421.577;0.00246;8;4;0;1098
f2s;50x50;0.25;10;3384.855;0.00309;8;4;0;1114
f2s;50x50;0.25;11;3406.299;0.00474;8;4;0;1089
f2s;50x50;0.25;12;3433.281;0.00414;8;4;0;1072
f2s;50x50;0.25;13;3385.197;0.00317;8;4;0;1083
f2s;50x50;0.25;14;3463.795;0.00289;8;4;0;1127
f2s;50x50;0.25;15;3435.942;0.00302;8;4;0;1116
f2s;50x50;0.25;16;3331.235;0.00317;8;4;0;1074
f2s;50x50;0.25;17;3404.814;0.00318;8;4;0;1075
f2s;50x50;0.25;18;3459.745;0.00255;8;4;0;1059
f2s;50x50;0.25;19;3380.56;0.00274;8;4;0;1108
f2s;50x50;0.25;20;3388.396;0.00289;8;4;0;1078
f2s;100x100;0.25;1;13684.369;0.0092;8;4;0;4280
f2s;100x100;0.25;2;14075.096;0.00943;8;4;0;4322
f2s;100x100;0.25;3;13870.022;0.00915;8;4;0;4323
f2s;100x100;0.25;4;13756.862;0.00931;8;4;0;4332
f2s;100x100;0.25;5;13760.414;0.00923;8;4;0;4239
f2s;100x100;0.25;6;13929.717;0.00983;8;4;0;4330
f2s;100x100;0.25;7;14008.786;0.00955;8;4;0;4294
f2s;100x100;0.25;8;13750.546;0.00925;8;4;0;4316
f2s;100x100;0.25;9;13618.333;0.00938;8;4;0;4291
f2s;100x100;0.25;10;13929.008;0.00922;8;4;0;4350
f2s;100x100;0.25;11;13804.191;0.00996;10;4;1;4353
f2s;100x100;0.25;12;13787.574;0.00931;8;4;0;4309
f2s;100x100;0.25;13;13989.148;0.0104;8;4;0;4433
f2s;100x100;0.25;14;14070.685;0.01342;8;4;0;4398
f2s;100x100;0.25;15;14136.86;0.00931;8;4;0;4368
f2s;100x100;0.25;16;14017.693;0.00964;8;4;0;4248
f2s;100x100;0.25;17;14041.296;0.0094;10;4;1;4361
f2s;100x100;0.25;18;14022.339;0.01008;10;4;1;4362
f2s;100x100;0.25;19;14183.137;0.00923;8;4;0;4450
f2s;100x100;0.25;20;13789.016;0.0104;10;4;1;4353
f2s;25x25;0.5;1;681.033;0.00099;8;4;0;204
f2s;25x25;0.5;2;803.804;0.00081;8;4;0;225
f2s;25x25;0.5;3;749.276;0.0008;8;4;0;210
f2s;25x25;0.5;4;752.544;0.00089;8;4;0;226
f2s;25x25;0.5;5;759.684;0.00141;8;4;0;227
f2s;25x25;0.5;6;726.784;0.00095;8;4;0;221
f2s;25x25;0.5;7;767.503;0.00082;8;4;0;221
f2s;25x25;0.5;8;736.149;0.00075;8;4;0;227
f2s;25x25;0.5;9;761.932;0.00109;8;4;0;221
f2s;25x25;0.5;10;780.687;0.00121;8;4;0;243
f2s;25x25;0.5;11;773.086;0.00086;8;4;0;238
f2s;25x25;0.5;12;710.959;0.00114;8;4;0;213
f2s;25x25;0.5;13;693.359;0.00077;8;4;0;219
f2s;25x25;0.5;14;731.628;0.00078;8;4;0;210
f2s;25x25;0.5;15;742.605;0.00075;8;4;0;219
f2s;25x25;0.5;16;788.414;0.00115;8;4;0;232
f2s;25x25;0.5;17;724.881;0.00087;8;4;0;231
f2s;25x25;0.5;18;691.792;0.00126;8;4;0;212
f2s;25x25;0.5;19;748.978;0.00119;8;4;0;241
f2s;25x25;0.5;20;745.65;0.00139;8;4;0;223
f2s;50x50;0.5;1;3203.301;0.00262;8;4;0;908
f2s;50x50;0.5;2;2998.611;0.00237;8;4;0;901
f2s;50x50;0.5;3;2997.529;0.00223;8;4;0;843
f2s;50x50;0.5;4;3075.059;0.00236;8;4;0;882
f2s;50x50;0.5;5;3093.817;0.0024;8;4;0;906
f2s;50x50;0.5;6;3112.92;0.0032;8;4;0;888
f2s;50x50;0.5;7;3051.647;0.00245;8;4;0;896
f2s;50x50;0.5;8;3012.854;0.00242;8;4;0;877
f2s;50x50;0.5;9;3069.79;0.00238;8;4;0;919
f2s;50x50;0.5;10;3087.918;0.00239;8;4;0;921
f2s;50x50;0.5;11;3065.576;0.00244;8;4;0;907
f2s;50x50;0.5;12;3039.37;0.00358;8;4;0;881
f2s;50x50;0.5;13;3092.404;0.0024;8;4;0;908
f2s;50x50;0.5;14;3052.924;0.00236;8;4;0;891
f2s;50x50;0.5;15;3209.275;0.00259;8;4;0;926
f2s;50x50;0.5;16;3078.189;0.00284;8;4;0;903
f2s;50x50;0.5;17;3034.125;0.00318;10;4;1;892
f2s;50x50;0.5;18;3021.827;0.00309;8;4;0;900
f2s;50x50;0.5;19;3065.343;0.00249;8;4;0;872
f2s;50x50;0.5;20;3216.811;0.00241;8;4;0;857
f2s;100x100;0.5;1;12778.4;0.00877;8;4;0;3584
f2s;100x100;0.5;2;12724.05;0.00962;10;4;1;3640
f2s;100x100;0.5;3;13168.811;0.00875;8;4;0;3690
f2s;100x100;0.5;4;12851.934;0.00914;8;4;0;3634
f2s;100x100;0.5;5;12891.362;0.00965;8;4;0;3567
f2s;100x100;0.5;6;12796.427;0.00872;8;4;0;3603
f2s;100x100;0.5;7;12936.166;0.00873;10;4;1;3613
f2s;100x100;0.5;8;12751.071;0.01;14;4;3;3506
f2s;100x100;0.5;9;12995.357;0.00884;10;4;1;3650
f2s;100x100;0.5;10;12740.307;0.00906;10;4;1;3628
f2s;100x100;0.5;11;12750.799;0.00889;8;4;0;3619
f2s;100x100;0.5;12;13204.25;0.00874;8;4;0;3727
f2s;100x100;0.5;13;12780.053;0.00944;8;4;0;3603
f2s;100x100;0.5;14;13320.282;0.00873;8;4;0;3680
f2s;100x100;0.5;15;13003.936;0.00936;8;4;0;3588
f2s;100x100;0.5;16;12921.64;0.00883;8;4;0;3725
f2s;100x100;0.5;17;12813.943;0.00882;8;4;0;3659
f2s;100x100;0.5;18;13130.987;0.00882;8;4;0;3662
f2s;100x100;0.5;19;12884.852;0.00891;10;4;1;3587
f2s;100x100;0.5;20;13189.07;0.00898;8;4;0;3731
f2s;25x25;0.75;1;619.641;0.00108;8;4;0;179
f2s;25x25;0.75;2;622.939;0.00083;8;4;0;149
f2s;25x25;0.75;3;427.386;0.00081;8;4;0;118
f2s;25x25;0.75;4;494.062;0.00079;8;4;0;144
f2s;25x25;0.75;5;575.226;0.0009;8;4;0;162
f2s;25x25;0.75;6;576.108;0.00096;8;4;0;167
f2s;25x25;0.75;7;523.83;0.00182;8;4;0;139
f2s;25x25;0.75;8;601.377;0.00101;8;4;0;186
f2s;25x25;0.75;9;651.716;0.00081;8;4;0;182
f2s;25x25;0.75;10;629.209;0.00072;8;4;0;180
f2s;25x25;0.75;11;461.036;0.00071;8;4;0;136
f2s;25x25;0.75;12;645.646;0.00074;8;4;0;183
f2s;25x25;0.75;13;564.024;0.00072;8;4;0;161
f2s;25x25;0.75;14;601.685;0.0007;8;4;0;163
f2s;25x25;0.75;15;530.6;0.00093;8;4;0;155
f2s;25x25;0.75;16;590.67;0.00073;8;4;0;184
f2s;25x25;0.75;17;606.669;0.00069;8;4;0;153
f2s;25x25;0.75;18;584.256;0.00069;8;4;0;149
f2s;25x25;0.75;19;551.032;0.00069;8;4;0;147
f2s;25x25;0.75;20;559.461;0.00069;8;4;0;155
f2s;50x50;0.75;1;2421.63;0.00389;8;4;0;633
f2s;50x50;0.75;2;2561.713;0.00253;8;4;0;659
f2s;50x50;0.75;3;2658.06;0.00227;8;4;0;669
f2s;50x50;0.75;4;2535.408;0.00208;8;4;0;646
f2s;50x50;0.75;5;2577.674;0.00222;8;4;0;674
f2s;50x50;0.75;6;2511.18;0.00205;8;4;0;651
f2s;50x50;0.75;7;2680.356;0.0023;10;4;1;662
f2s;50x50;0.75;8;2483.325;0.0043;8;4;0;640
f2s;50x50;0.75;9;2664.838;0.00237;8;4;0;711
f2s;50x50;0.75;10;2490.776;0.00217;8;4;0;643
f2s;50x50;0.75;11;2715.086;0.00222;10;4;1;626
f2s;50x50;0.75;12;2760.552;0.0021;8;4;0;656
f2s;50x50;0.75;13;2600.901;0.0027;10;4;1;669
f2s;50x50;0.75;14;2808.633;0.00326;8;4;0;681
f2s;50x50;0.75;15;2573.192;0.00226;8;4;0;648
f2s;50x50;0.75;16;2584.94;0.00233;8;4;0;678
f2s;50x50;0.75;17;2598.069;0.00219;8;4;0;662
f2s;50x50;0.75;18;2625.755;0.0022;10;4;1;668
f2s;50x50;0.75;19;2557.687;0.00398;8;4;0;668
f2s;50x50;0.75;20;2553.256;0.00258;8;4;0;677
f2s;100x100;0.75;1;11425.76;0.00845;12;4;2;2682
f2s;100x100;0.75;2;11743.681;0.0086;24;4;8;2716
f2s;100x100;0.75;3;11712.502;0.00827;18;4;5;2711
f2s;100x100;0.75;4;11286.569;0.00833;10;4;1;2705
f2s;100x100;0.75;5;11424.874;0.00876;14;4;3;2676
f2s;100x100;0.75;6;11697.804;0.00813;8;4;0;2595
f2s;100x100;0.75;7;11446.208;0.00822;8;4;0;2717
f2s;100x100;0.75;8;11100.34;0.0083;12;4;2;2621
f2s;100x100;0.75;9;11381.31;0.00825;18;4;5;2677
f2s;100x100;0.75;10;11292.562;0.00828;14;4;3;2648
f2s;100x100;0.75;11;11771.214;0.00841;16;4;4;2713
f2s;100x100;0.75;12;11517.023;0.00821;20;4;6;2739
f2s;100x100;0.75;13;11427.208;0.00828;18;4;5;2723
f2s;100x100;0.75;14;11470.005;0.00837;12;4;2;2737
f2s;100x100;0.75;15;11494.901;0.0091;16;4;4;2762
f2s;100x100;0.75;16;11549.354;0.0088;12;4;2;2685
f2s;100x100;0.75;17;11712.066;0.01234;16;4;4;2761
f2s;100x100;0.75;18;11724.938;0.0084;16;4;4;2743
f2s;100x100;0.75;19;11406.281;0.0084;16;4;4;2797
f2s;100x100;0.75;20;11430.352;0.00835;22;4;7;2731
f2s;25x25;0.95;1;447.199;0.001;8;4;0;87
f2s;25x25;0.95;2;355.589;0.00078;8;4;0;79
f2s;25x25;0.95;3;225.935;0.00084;8;4;0;49
f2s;25x25;0.95;4;309.788;0.00105;8;4;0;73
f2s;25x25;0.95;5;302.872;0.00124;8;4;0;70
f2s;25x25;0.95;6;253.41;0.00077;8;4;0;59
f2s;25x25;0.95;7;339.429;0.0007;8;4;0;78
f2s;25x25;0.95;8;344.225;0.00067;8;4;0;86
f2s;25x25;0.95;9;211.731;0.00065;8;4;0;46
f2s;25x25;0.95;10;351.116;0.00117;8;4;0;70
f2s;25x25;0.95;11;216.065;0.00075;8;4;0;49
f2s;25x25;0.95;12;292.121;0.00073;8;4;0;58
f2s;25x25;0.95;13;284.943;0.00066;8;4;0;60
f2s;25x25;0.95;14;267.501;0.00069;8;4;0;58
f2s;25x25;0.95;15;226.52;0.00114;8;4;0;51
f2s;25x25;0.95;16;303.802;0.00071;8;4;0;64
f2s;25x25;0.95;17;359.516;0.00073;8;4;0;84
f2s;25x25;0.95;18;247.939;0.00073;8;4;0;54
f2s;25x25;0.95;19;258.052;0.00075;8;4;0;57
f2s;25x25;0.95;20;321.413;0.00189;8;4;0;79
f2s;50x50;0.95;1;1323.516;0.00239;14;4;3;267
f2s;50x50;0.95;2;1350.385;0.00321;10;4;1;314
f2s;50x50;0.95;3;1733.717;0.00207;14;4;3;364
f2s;50x50;0.95;4;919.484;0.002;10;4;1;200
f2s;50x50;0.95;5;1631.778;0.00194;10;4;1;347
f2s;50x50;0.95;6;1511.316;0.00265;10;4;1;315
f2s;50x50;0.95;7;1648.901;0.00329;10;4;1;325
f2s;50x50;0.95;8;1628.705;0.0031;8;4;0;353
f2s;50x50;0.95;9;1490.155;0.00206;8;4;0;308
f2s;50x50;0.95;10;1455.362;0.0035;12;4;2;336
f2s;50x50;0.95;11;1470.134;0.00398;10;4;1;335
f2s;50x50;0.95;12;1584.86;0.0035;14;4;3;292
f2s;50x50;0.95;13;1761.096;0.00324;8;4;0;358
f2s;50x50;0.95;14;1161.44;0.00188;18;4;5;244
f2s;50x50;0.95;15;1209.326;0.0028;8;4;0;285
f2s;50x50;0.95;16;1630.529;0.0028;8;4;0;347
f2s;50x50;0.95;17;1425.176;0.00218;8;4;0;278
f2s;50x50;0.95;18;1238.198;0.00197;8;4;0;276
f2s;50x50;0.95;19;1704.616;0.00194;10;4;1;345
f2s;50x50;0.95;20;937.218;0.00182;8;4;0;209
f2s;100x100;0.95;1;8121.717;0.00694;64;4;28;1291
f2s;100x100;0.95;2;6911.163;0.00684;48;4;20;1185
f2s;100x100;0.95;3;7515.563;0.00691;78;4;35;1270
f2s;100x100;0.95;4;7587.521;0.00711;58;4;25;1326
f2s;100x100;0.95;5;7807.514;0.007;36;4;14;1325
f2s;100x100;0.95;6;7680.82;0.007;50;4;21;1275
f2s;100x100;0.95;7;7609;0.00695;64;4;28;1310
f2s;100x100;0.95;8;7474.893;0.00723;30;4;11;1332
f2s;100x100;0.95;9;7014.069;0.00968;80;4;36;1206
f2s;100x100;0.95;10;7882.4;0.00709;112;4;52;1227
f2s;100x100;0.95;11;7935.869;0.01044;94;4;43;1257
f2s;100x100;0.95;12;8350.778;0.00775;44;4;18;1394
f2s;100x100;0.95;13;8171.667;0.0069;72;4;32;1284
f2s;100x100;0.95;14;7666.361;0.00977;42;4;17;1383
f2s;100x100;0.95;15;8297.932;0.00698;48;4;20;1422
f2s;100x100;0.95;16;8227.195;0.00729;50;4;21;1397
f2s;100x100;0.95;17;8230.696;0.00699;96;4;44;1345
f2s;100x100;0.95;18;8131.154;0.00697;74;4;33;1323
f2s;100x100;0.95;19;7216.021;0.00682;56;4;24;1230
f2s;100x100;0.95;20;7058.572;0.00704;58;4;25;1229
